{"cameraMode":{"drawMode":0,"name":"Shaded","section":"Shading Mode"},"sceneLighting":true,"audioPlay":false,"sceneViewState":{"showFog":true,"showMaterialUpdate":false,"showSkybox":true,"showFlares":true,"showImageEffects":true,"showParticleSystems":true,"showVisualEffectGraphs":true,"m_FxEnabled":true},"in2DMode":false,"pivot":{"x":-1.7994956970214844,"y":1.1636943817138672,"z":-1.2547810077667237},"rotation":{"x":0.4438755214214325,"y":-0.16211387515068055,"z":0.08201345801353455,"w":0.8775023221969605},"size":2.5462911128997804,"orthographic":false}